{
    "accuracy": 0.684,
    "precision": 0.6956521739130435,
    "recall": 0.6451612903225806,
    "auc": 0.7185099846390169
}